source,crop
test001,output\crops\test001_01.png
test007,output\crops\test007_01.png
test009,output\crops\test009_01.png
test010,output\crops\test010_01.png
test010,output\crops\test010_02.png
test011,output\crops\test011_01.png
test011,output\crops\test011_02.png
test011,output\crops\test011_03.png
test012,output\crops\test012_01.png
test012,output\crops\test012_02.png
test015,output\crops\test015_01.png
test017,output\crops\test017_01.png
test019,output\crops\test019_01.png
test019,output\crops\test019_02.png
test020,output\crops\test020_01.png
test020,output\crops\test020_02.png
test021,output\crops\test021_01.png
test021,output\crops\test021_02.png
test021,output\crops\test021_03.png
test030,output\crops\test030_01.png
test030,output\crops\test030_02.png
test031,output\crops\test031_01.png
test033,output\crops\test033_01.png
test033,output\crops\test033_02.png
test033,output\crops\test033_03.png
test036,output\crops\test036_01.png
test036,output\crops\test036_02.png
test037,output\crops\test037_01.png
test038,output\crops\test038_01.png
test038,output\crops\test038_02.png
test043,output\crops\test043_01.png
test047,output\crops\test047_01.png
test049,output\crops\test049_01.png
test050,output\crops\test050_01.png
test051,output\crops\test051_01.png
test054,output\crops\test054_01.png
test055,output\crops\test055_01.png
test055,output\crops\test055_02.png
test056,output\crops\test056_01.png
test058,output\crops\test058_01.png
test058,output\crops\test058_02.png
test059,output\crops\test059_01.png
test059,output\crops\test059_02.png
test059,output\crops\test059_03.png
test059,output\crops\test059_04.png
test060,output\crops\test060_01.png
test064,output\crops\test064_01.png
test064,output\crops\test064_02.png
test065,output\crops\test065_01.png
test067,output\crops\test067_01.png
test069,output\crops\test069_01.png
test070,output\crops\test070_01.png
test071,output\crops\test071_01.png
test073,output\crops\test073_01.png
test074,output\crops\test074_01.png
test075,output\crops\test075_01.png
test075,output\crops\test075_02.png
test075,output\crops\test075_03.png
test077,output\crops\test077_01.png
test077,output\crops\test077_02.png
test078,output\crops\test078_01.png
test080,output\crops\test080_01.png
test081,output\crops\test081_01.png
test082,output\crops\test082_01.png
test082,output\crops\test082_02.png
test082,output\crops\test082_03.png
test083,output\crops\test083_01.png
test083,output\crops\test083_02.png
test083,output\crops\test083_03.png
test083,output\crops\test083_04.png
test083,output\crops\test083_05.png
test083,output\crops\test083_06.png
test086,output\crops\test086_01.png
test088,output\crops\test088_01.png
test088,output\crops\test088_02.png
test088,output\crops\test088_03.png
test091,output\crops\test091_01.png
test094,output\crops\test094_01.png
test095,output\crops\test095_01.png
